2020-09-29,neg,1
2021-01-28,neu,506
2021-01-28,neg,230
2021-01-28,pos,216
2021-01-29,neu,6544
2021-01-29,neg,3306
2021-01-29,pos,2929
2021-01-30,neu,495
2021-01-30,pos,370
2021-01-30,neg,269
2021-01-31,neu,310
2021-01-31,pos,213
2021-01-31,neg,180
2021-02-01,neu,310
2021-02-01,pos,224
2021-02-01,neg,149
2021-02-02,neu,444
2021-02-02,pos,416
2021-02-02,neg,335
2021-02-03,neu,884
2021-02-03,pos,685
2021-02-03,neg,543
2021-02-04,neu,645
2021-02-04,pos,441
2021-02-04,neg,288
2021-02-05,neu,943
2021-02-05,pos,620
2021-02-05,neg,489
2021-02-06,neu,1024
2021-02-06,pos,644
2021-02-06,neg,512
2021-02-07,neu,165
2021-02-07,pos,125
2021-02-07,neg,90
2021-02-08,neu,101
2021-02-08,pos,89
2021-02-08,neg,43
2021-02-09,neu,60
2021-02-09,pos,35
2021-02-09,neg,21
2021-02-10,neu,104
2021-02-10,pos,48
2021-02-10,neg,27
2021-02-11,neu,97
2021-02-11,pos,40
2021-02-11,neg,15
2021-02-12,neu,88
2021-02-12,pos,55
2021-02-12,neg,29
2021-02-13,neu,80
2021-02-13,pos,50
2021-02-13,neg,32
2021-02-14,neu,53
2021-02-14,pos,41
2021-02-14,neg,19
2021-02-15,neu,33
2021-02-15,pos,20
2021-02-15,neg,10
2021-02-16,neu,45
2021-02-16,pos,33
2021-02-16,neg,10
2021-02-17,neu,72
2021-02-17,pos,58
2021-02-17,neg,28
2021-02-18,neu,95
2021-02-18,pos,86
2021-02-18,neg,40
2021-02-19,neu,129
2021-02-19,pos,117
2021-02-19,neg,68
2021-02-20,neu,96
2021-02-20,pos,84
2021-02-20,neg,40
2021-02-21,neu,68
2021-02-21,pos,48
2021-02-21,neg,20
2021-02-22,neu,62
2021-02-22,pos,40
2021-02-22,neg,23
2021-02-23,neu,107
2021-02-23,pos,82
2021-02-23,neg,44
2021-02-24,neu,88
2021-02-24,pos,86
2021-02-24,neg,41
2021-02-25,neu,251
2021-02-25,pos,158
2021-02-25,neg,84
2021-02-26,neu,206
2021-02-26,pos,155
2021-02-26,neg,85
2021-02-27,neu,117
2021-02-27,pos,68
2021-02-27,neg,53
2021-02-28,neu,55
2021-02-28,pos,39
2021-02-28,neg,26
2021-03-01,neu,51
2021-03-01,pos,37
2021-03-01,neg,17
2021-03-02,neu,123
2021-03-02,pos,117
2021-03-02,neg,57
2021-03-03,neu,238
2021-03-03,pos,205
2021-03-03,neg,53
2021-03-04,neu,183
2021-03-04,pos,153
2021-03-04,neg,77
2021-03-05,neu,153
2021-03-05,pos,127
2021-03-05,neg,81
2021-03-06,neu,159
2021-03-06,pos,120
2021-03-06,neg,68
2021-03-07,neu,70
2021-03-07,pos,38
2021-03-07,neg,19
2021-03-08,neu,49
2021-03-08,pos,30
2021-03-08,neg,26
2021-03-09,pos,119
2021-03-09,neu,117
2021-03-09,neg,49
2021-03-10,pos,203
2021-03-10,neu,182
2021-03-10,neg,71
2021-03-11,neu,197
2021-03-11,pos,166
2021-03-11,neg,73
2021-03-12,pos,108
2021-03-12,neu,91
2021-03-12,neg,48
2021-03-13,pos,90
2021-03-13,neu,87
2021-03-13,neg,34
2021-03-14,neu,57
2021-03-14,pos,53
2021-03-14,neg,16
2021-03-15,neu,33
2021-03-15,pos,29
2021-03-15,neg,17
2021-03-16,neu,85
2021-03-16,pos,80
2021-03-16,neg,28
2021-03-17,neu,86
2021-03-17,pos,74
2021-03-17,neg,28
2021-03-18,pos,90
2021-03-18,neu,66
2021-03-18,neg,29
2021-03-19,neu,79
2021-03-19,pos,68
2021-03-19,neg,38
2021-03-20,pos,48
2021-03-20,neu,42
2021-03-20,neg,30
2021-03-21,neu,25
2021-03-21,pos,11
2021-03-21,neg,6
2021-03-22,neu,21
2021-03-22,pos,21
2021-03-22,neg,9
2021-03-23,pos,48
2021-03-23,neu,39
2021-03-23,neg,12
2021-03-24,neu,49
2021-03-24,pos,44
2021-03-24,neg,20
2021-03-25,pos,92
2021-03-25,neu,84
2021-03-25,neg,59
2021-03-26,neu,70
2021-03-26,pos,47
2021-03-26,neg,30
2021-03-27,pos,52
2021-03-27,neu,41
2021-03-27,neg,27
2021-03-28,neu,18
2021-03-28,pos,17
2021-03-28,neg,7
2021-03-29,neu,27
2021-03-29,pos,19
2021-03-29,neg,15
2021-03-30,pos,40
2021-03-30,neu,35
2021-03-30,neg,19
2021-03-31,neu,36
2021-03-31,pos,29
2021-03-31,neg,15
2021-04-01,neu,59
2021-04-01,pos,56
2021-04-01,neg,15
2021-04-02,neu,30
2021-04-02,pos,30
2021-04-02,neg,16
2021-04-03,pos,16
2021-04-03,neu,14
2021-04-03,neg,4
2021-04-04,pos,3
2021-04-04,neg,1
2021-04-05,pos,19
2021-04-05,neu,16
2021-04-06,neu,35
2021-04-06,pos,32
2021-04-06,neg,6
2021-04-07,pos,30
2021-04-07,neu,25
2021-04-07,neg,6
2021-04-08,neu,27
2021-04-08,pos,27
2021-04-08,neg,11
2021-04-09,neu,42
2021-04-09,pos,35
2021-04-09,neg,13
2021-04-10,pos,32
2021-04-10,neu,23
2021-04-10,neg,13
2021-04-11,pos,12
2021-04-11,neu,8
2021-04-11,neg,4
2021-04-12,neu,19
2021-04-12,pos,17
2021-04-12,neg,4
2021-04-13,pos,39
2021-04-13,neu,35
2021-04-13,neg,22
2021-04-14,pos,63
2021-04-14,neu,30
2021-04-14,neg,19
2021-04-15,pos,39
2021-04-15,neu,27
2021-04-15,neg,10
2021-04-16,neu,34
2021-04-16,pos,29
2021-04-16,neg,9
2021-04-17,pos,37
2021-04-17,neu,31
2021-04-17,neg,14
2021-04-18,pos,10
2021-04-18,neu,8
2021-04-18,neg,5
2021-04-19,neu,13
2021-04-19,pos,6
2021-04-19,neg,4
2021-04-20,neu,27
2021-04-20,pos,24
2021-04-20,neg,14
2021-04-21,pos,33
2021-04-21,neu,22
2021-04-21,neg,9
2021-04-22,pos,28
2021-04-22,neu,21
2021-04-22,neg,7
2021-04-23,neu,25
2021-04-23,pos,17
2021-04-23,neg,3
2021-04-24,pos,27
2021-04-24,neu,20
2021-04-24,neg,9
2021-04-25,neu,11
2021-04-25,pos,5
2021-04-25,neg,3
2021-04-26,neu,13
2021-04-26,pos,9
2021-04-26,neg,3
2021-04-27,neu,46
2021-04-27,pos,46
2021-04-27,neg,11
2021-04-28,neu,40
2021-04-28,pos,36
2021-04-28,neg,6
2021-04-29,pos,42
2021-04-29,neu,40
2021-04-29,neg,7
2021-04-30,neu,20
2021-04-30,pos,18
2021-04-30,neg,8
2021-05-01,pos,26
2021-05-01,neu,20
2021-05-01,neg,5
2021-05-05,neu,22
2021-05-05,pos,17
2021-05-05,neg,3
2021-05-06,neu,79
2021-05-06,pos,55
2021-05-06,neg,23
2021-05-07,neu,84
2021-05-07,pos,48
2021-05-07,neg,39
2021-05-08,neu,61
2021-05-08,pos,43
2021-05-08,neg,20
2021-05-09,neu,23
2021-05-09,pos,14
2021-05-09,neg,3
2021-05-10,neu,29
2021-05-10,pos,20
2021-05-10,neg,8
2021-05-11,neu,54
2021-05-11,pos,41
2021-05-11,neg,21
2021-05-12,neu,46
2021-05-12,pos,27
2021-05-12,neg,14
2021-05-13,neu,57
2021-05-13,pos,33
2021-05-13,neg,13
2021-05-14,neu,54
2021-05-14,pos,39
2021-05-14,neg,16
2021-05-15,neu,46
2021-05-15,pos,24
2021-05-15,neg,9
2021-05-16,pos,10
2021-05-16,neu,8
2021-05-16,neg,3
2021-05-17,neu,13
2021-05-17,pos,8
2021-05-17,neg,7
2021-05-18,neu,36
2021-05-18,pos,25
2021-05-18,neg,9
2021-05-19,neu,21
2021-05-19,pos,18
2021-05-19,neg,7
2021-05-20,neu,36
2021-05-20,pos,24
2021-05-20,neg,13
2021-05-21,neu,40
2021-05-21,pos,24
2021-05-21,neg,12
2021-05-22,neu,33
2021-05-22,pos,28
2021-05-22,neg,11
2021-05-23,neu,24
2021-05-23,pos,11
2021-05-23,neg,10
2021-05-24,neu,21
2021-05-24,pos,9
2021-05-24,neg,8
2021-05-25,neu,43
2021-05-25,pos,34
2021-05-25,neg,11
2021-05-26,neu,44
2021-05-26,pos,25
2021-05-26,neg,10
2021-05-27,neu,53
2021-05-27,pos,52
2021-05-27,neg,13
2021-05-28,neu,76
2021-05-28,pos,67
2021-05-28,neg,20
2021-05-29,neu,24
2021-05-29,pos,19
2021-05-29,neg,10
2021-05-30,neu,18
2021-05-30,pos,11
2021-05-30,neg,5
2021-05-31,neu,17
2021-05-31,pos,6
2021-05-31,neg,5
2021-06-01,neu,23
2021-06-01,pos,9
2021-06-01,neg,2
2021-06-10,neu,93
2021-06-10,pos,86
2021-06-10,neg,24
2021-06-11,pos,161
2021-06-11,neu,152
2021-06-11,neg,44
2021-06-12,neu,107
2021-06-12,pos,89
2021-06-12,neg,26
2021-06-13,neu,11
2021-06-13,pos,3
2021-06-15,pos,45
2021-06-15,neu,37
2021-06-15,neg,9
2021-06-16,pos,89
2021-06-16,neu,72
2021-06-16,neg,28
2021-06-17,neu,77
2021-06-17,pos,65
2021-06-17,neg,23
2021-06-18,neu,76
2021-06-18,pos,75
2021-06-18,neg,18
2021-06-19,neu,53
2021-06-19,pos,40
2021-06-19,neg,20
2021-06-20,neu,27
2021-06-20,pos,19
2021-06-20,neg,12
2021-06-21,neu,32
2021-06-21,pos,17
2021-06-21,neg,10
2021-06-22,neu,78
2021-06-22,pos,53
2021-06-22,neg,16
2021-06-23,neu,78
2021-06-23,pos,74
2021-06-23,neg,23
2021-06-24,pos,74
2021-06-24,neu,67
2021-06-24,neg,19
2021-06-25,neu,61
2021-06-25,pos,56
2021-06-25,neg,14
2021-06-26,neu,68
2021-06-26,pos,42
2021-06-26,neg,16
2021-06-28,neu,4
2021-06-28,pos,1
2021-06-29,pos,96
2021-06-29,neu,95
2021-06-29,neg,28
2021-06-30,neu,21
2021-06-30,pos,19
2021-06-30,neg,8
2021-07-01,neu,72
2021-07-01,pos,58
2021-07-01,neg,19
2021-07-02,neu,50
2021-07-02,pos,40
2021-07-02,neg,12
2021-07-03,neu,44
2021-07-03,pos,36
2021-07-03,neg,8
2021-07-04,neu,22
2021-07-04,pos,12
2021-07-04,neg,7
2021-07-05,neu,17
2021-07-05,pos,9
2021-07-05,neg,3
2021-07-06,neu,45
2021-07-06,pos,25
2021-07-06,neg,11
2021-07-07,pos,14
2021-07-07,neu,13
2021-07-07,neg,3
2021-07-08,neu,37
2021-07-08,pos,33
2021-07-08,neg,20
2021-07-09,neu,37
2021-07-09,pos,24
2021-07-09,neg,14
2021-07-10,neu,25
2021-07-10,pos,19
2021-07-10,neg,8
2021-07-11,neu,17
2021-07-11,pos,8
2021-07-11,neg,5
2021-07-12,neu,20
2021-07-12,pos,9
2021-07-12,neg,3
2021-07-13,pos,33
2021-07-13,neu,31
2021-07-13,neg,11
2021-07-14,neu,34
2021-07-14,pos,23
2021-07-14,neg,15
2021-07-15,neu,56
2021-07-15,pos,32
2021-07-15,neg,26
2021-07-16,neu,41
2021-07-16,pos,22
2021-07-16,neg,15
2021-07-17,neu,33
2021-07-17,pos,20
2021-07-17,neg,7
2021-07-18,neu,9
2021-07-18,neg,7
2021-07-18,pos,6
2021-07-19,neu,21
2021-07-19,pos,11
2021-07-19,neg,5
2021-07-20,neu,29
2021-07-20,pos,21
2021-07-20,neg,12
2021-08-02,neu,14
2021-08-02,pos,5
2021-08-02,neg,4
2021-08-03,pos,22
2021-08-03,neu,21
2021-08-03,neg,9
2021-08-04,neu,43
2021-08-04,pos,39
2021-08-04,neg,13
2021-08-05,neu,46
2021-08-05,pos,37
2021-08-05,neg,10
2021-08-06,pos,36
2021-08-06,neu,35
2021-08-06,neg,13
2021-08-07,neu,19
2021-08-07,pos,10
2021-08-07,neg,7
2021-08-08,neu,27
2021-08-08,pos,7
2021-08-08,neg,5
2021-08-09,neu,39
2021-08-09,pos,15
2021-08-09,neg,8
2021-08-10,neu,25
2021-08-10,pos,20
2021-08-10,neg,9
2021-08-11,neu,43
2021-08-11,pos,35
2021-08-11,neg,12
2021-08-12,neu,40
2021-08-12,pos,22
2021-08-12,neg,12
2021-08-13,neu,25
2021-08-13,pos,23
2021-08-13,neg,16
2021-08-14,neu,19
2021-08-14,neg,9
2021-08-14,pos,9
2021-08-15,neu,10
2021-08-15,pos,7
2021-08-15,neg,4
2021-08-16,neu,7
2021-08-16,pos,4
