2021-01-28,neu,99
2021-01-28,neg,70
2021-01-28,pos,65
2021-01-29,neu,1380
2021-01-29,neg,742
2021-01-29,pos,675
2021-01-30,neu,117
2021-01-30,pos,101
2021-01-30,neg,66
2021-01-31,pos,92
2021-01-31,neu,89
2021-01-31,neg,53
2021-02-01,neu,77
2021-02-01,pos,69
2021-02-01,neg,52
2021-02-02,pos,131
2021-02-02,neu,97
2021-02-02,neg,69
2021-02-03,pos,185
2021-02-03,neu,184
2021-02-03,neg,144
2021-02-04,neu,136
2021-02-04,pos,90
2021-02-04,neg,62
2021-02-05,neu,261
2021-02-05,pos,146
2021-02-05,neg,119
2021-02-06,neu,283
2021-02-06,pos,190
2021-02-06,neg,118
2021-02-07,pos,64
2021-02-07,neu,43
2021-02-07,neg,19
2021-02-08,neu,21
2021-02-08,pos,19
2021-02-08,neg,11
2021-02-09,pos,14
2021-02-09,neu,13
2021-02-09,neg,5
2021-02-10,neu,19
2021-02-10,neg,15
2021-02-10,pos,8
2021-02-11,neu,10
2021-02-11,pos,6
2021-02-11,neg,1
2021-02-12,pos,3
2021-02-12,neg,2
2021-02-12,neu,1
2021-02-13,pos,7
2021-02-13,neg,6
2021-02-13,neu,6
2021-02-14,neu,5
2021-02-14,pos,5
2021-02-14,neg,4
2021-02-15,neg,1
2021-02-15,pos,1
2021-02-16,neg,1
2021-02-16,pos,1
2021-02-17,neg,8
2021-02-17,neu,3
2021-02-17,pos,2
2021-02-18,neg,9
2021-02-18,neu,8
2021-02-18,pos,7
2021-02-19,neu,21
2021-02-19,pos,8
2021-02-19,neg,4
2021-02-20,pos,13
2021-02-20,neu,10
2021-02-20,neg,2
2021-02-21,pos,10
2021-02-21,neu,9
2021-02-21,neg,5
2021-02-22,neu,9
2021-02-22,pos,3
2021-02-22,neg,2
2021-02-23,pos,13
2021-02-23,neg,12
2021-02-23,neu,10
2021-02-24,neu,11
2021-02-24,pos,9
2021-02-24,neg,5
2021-02-25,neu,30
2021-02-25,pos,15
2021-02-25,neg,5
2021-02-26,neu,58
2021-02-26,pos,45
2021-02-26,neg,14
2021-02-27,pos,25
2021-02-27,neu,24
2021-02-27,neg,7
2021-02-28,neu,15
2021-02-28,pos,8
2021-02-28,neg,4
2021-03-01,neu,17
2021-03-01,pos,10
2021-03-01,neg,1
2021-03-02,neu,31
2021-03-02,pos,20
2021-03-02,neg,8
2021-03-03,neu,37
2021-03-03,pos,36
2021-03-03,neg,16
2021-03-04,neu,30
2021-03-04,pos,18
2021-03-04,neg,12
2021-03-05,neu,27
2021-03-05,pos,25
2021-03-05,neg,13
2021-03-06,neu,33
2021-03-06,pos,17
2021-03-06,neg,12
2021-03-07,neu,12
2021-03-07,pos,8
2021-03-07,neg,2
2021-03-08,neu,10
2021-03-08,pos,9
2021-03-08,neg,2
2021-03-09,pos,35
2021-03-09,neu,26
2021-03-09,neg,6
2021-03-10,neu,56
2021-03-10,pos,51
2021-03-10,neg,14
2021-03-11,pos,45
2021-03-11,neu,43
2021-03-11,neg,25
2021-03-12,neu,27
2021-03-12,neg,18
2021-03-12,pos,18
2021-03-13,pos,17
2021-03-13,neu,16
2021-03-13,neg,7
2021-03-14,pos,13
2021-03-14,neu,8
2021-03-14,neg,6
2021-03-15,neu,9
2021-03-15,pos,6
2021-03-16,neu,21
2021-03-16,pos,14
2021-03-16,neg,6
2021-03-17,neu,22
2021-03-17,pos,16
2021-03-17,neg,7
2021-03-18,neu,13
2021-03-18,neg,11
2021-03-18,pos,6
2021-03-19,neu,17
2021-03-19,neg,8
2021-03-19,pos,8
2021-03-20,neu,16
2021-03-20,pos,7
2021-03-20,neg,1
2021-03-21,neu,3
2021-03-21,pos,3
2021-03-21,neg,1
2021-03-22,neu,4
2021-03-22,pos,3
2021-03-22,neg,1
2021-03-23,neu,9
2021-03-23,pos,4
2021-03-24,neu,16
2021-03-24,pos,11
2021-03-24,neg,3
2021-03-25,neu,17
2021-03-25,pos,11
2021-03-25,neg,5
2021-03-26,neu,17
2021-03-26,pos,13
2021-03-26,neg,7
2021-03-27,pos,10
2021-03-27,neg,5
2021-03-27,neu,5
2021-03-28,pos,4
2021-03-28,neg,1
2021-03-28,neu,1
2021-03-29,neu,3
2021-03-29,pos,2
2021-03-30,pos,3
2021-03-30,neg,2
2021-03-30,neu,2
2021-03-31,neu,3
2021-03-31,pos,1
2021-04-01,neg,3
2021-04-01,neu,3
2021-04-01,pos,2
2021-04-02,pos,5
2021-04-02,neg,1
2021-04-02,neu,1
2021-04-03,neu,1
2021-04-03,pos,1
2021-04-04,neu,1
2021-04-04,pos,1
2021-04-05,neu,2
2021-04-06,neu,3
2021-04-06,pos,2
2021-04-07,pos,3
2021-04-07,neg,1
2021-04-07,neu,1
2021-04-08,pos,4
2021-04-08,neu,2
2021-04-09,pos,9
2021-04-09,neu,6
2021-04-09,neg,2
2021-04-10,pos,9
2021-04-10,neu,3
2021-04-10,neg,2
2021-04-11,pos,3
2021-04-11,neu,2
2021-04-12,neu,3
2021-04-12,neg,2
2021-04-12,pos,2
2021-04-13,neg,4
2021-04-13,pos,3
2021-04-13,neu,2
2021-04-14,neu,4
2021-04-14,neg,3
2021-04-14,pos,2
2021-04-15,neu,3
2021-04-15,pos,3
2021-04-15,neg,1
2021-04-16,neg,3
2021-04-16,pos,3
2021-04-16,neu,2
2021-04-17,pos,8
2021-04-17,neu,2
2021-04-18,neu,1
2021-04-20,pos,2
2021-04-21,pos,3
2021-04-21,neg,1
2021-04-21,neu,1
2021-04-22,neu,2
2021-04-23,neg,1
2021-04-24,neu,2
2021-04-27,neu,5
2021-04-27,neg,3
2021-04-27,pos,1
2021-04-28,neg,1
2021-04-28,neu,1
2021-04-29,neu,3
2021-04-29,pos,1
2021-04-30,neg,1
2021-04-30,pos,1
2021-05-01,neu,1
2021-05-01,pos,1
2021-05-06,neu,3
2021-05-06,pos,1
2021-05-07,pos,5
2021-05-07,neu,3
2021-05-07,neg,1
2021-05-08,neg,1
2021-05-08,pos,1
2021-05-09,neu,1
2021-05-10,neu,3
2021-05-10,neg,1
2021-05-11,pos,2
2021-05-11,neu,1
2021-05-12,neu,3
2021-05-12,neg,1
2021-05-12,pos,1
2021-05-13,neg,1
2021-05-13,neu,1
2021-05-14,pos,4
2021-05-14,neu,1
2021-05-15,neu,1
2021-05-18,pos,2
2021-05-18,neu,1
2021-05-19,pos,2
2021-05-19,neg,1
2021-05-21,neu,1
2021-05-22,pos,4
2021-05-22,neg,1
2021-05-22,neu,1
2021-05-23,neu,1
2021-05-24,pos,1
2021-05-25,neg,1
2021-05-26,neu,8
2021-05-26,neg,2
2021-05-26,pos,2
2021-05-27,pos,7
2021-05-27,neu,4
2021-05-27,neg,1
2021-05-28,neu,5
2021-05-28,pos,2
2021-05-28,neg,1
2021-05-29,neu,1
2021-05-30,neg,2
2021-05-30,neu,1
2021-06-10,neu,5
2021-06-10,pos,2
2021-06-11,neu,5
2021-06-11,pos,4
2021-06-11,neg,1
2021-06-12,neu,5
2021-06-12,neg,1
2021-06-12,pos,1
2021-06-15,pos,1
2021-06-16,neu,2
2021-06-16,pos,2
2021-06-17,pos,4
2021-06-18,pos,2
2021-06-18,neu,1
2021-06-19,pos,2
2021-06-20,pos,1
2021-06-21,neu,1
2021-06-22,pos,3
2021-06-23,pos,4
2021-06-24,neg,2
2021-06-24,neu,2
2021-06-24,pos,1
2021-06-25,pos,2
2021-06-25,neu,1
2021-06-26,neg,1
2021-06-26,pos,1
2021-06-29,pos,2
2021-06-29,neu,1
2021-06-30,pos,2
2021-07-01,pos,1
2021-07-02,neu,2
2021-07-02,pos,2
2021-07-03,pos,1
2021-07-05,pos,1
2021-07-06,pos,5
2021-07-06,neu,2
2021-07-07,pos,1
2021-07-08,pos,2
2021-07-09,pos,2
2021-07-10,pos,1
2021-07-12,pos,2
2021-07-13,pos,1
2021-07-14,neg,1
2021-07-14,neu,1
2021-07-14,pos,1
2021-07-15,neu,3
2021-07-15,pos,2
2021-07-15,neg,1
2021-07-16,pos,3
2021-07-16,neg,1
2021-07-16,neu,1
2021-07-17,neg,1
2021-07-19,neu,1
2021-07-19,pos,1
2021-07-20,pos,1
2021-08-02,pos,2
2021-08-03,pos,3
2021-08-04,neu,2
2021-08-04,pos,2
2021-08-05,pos,2
2021-08-09,neu,1
2021-08-09,pos,1
2021-08-11,neu,1
2021-08-12,neu,1
